instrument_type,target_sector,funding_amount_or_cap,eligibility_rules,evidence_spans,chunk_id
other,,,[],[],0
other,,,[],[],1
other,,,[],"['Total R&D spending of the country has increased from Renminbi (RMB) 1.03 trillion in 2012 to RMB 2.79 trillion in 2021', 'The ratio of total R&D expenditure to Gross Domestic Product (GDP) has risen from 1.91% in 2012 to 2.44% in 2021', 'Full-time equivalent R&D personnel have increased from 3.71 million man-years in 2014 to 4.8 million man-years in 2020', 'Our country attaches great importance to strengthening self-reliant innovation capabilities']",2
other,innovation and technology,,[],"['implementation of a series of measures on I&T infrastructure, nurturing talent, R&D promotion, start-up and R&D outcome transformation supports']",3
other,,,[],[],4
other,innovation and technology,,[],[],5
other,,,[],[],6
other,manufacturing,,[],"['assist the traditional manufacturing sector in Hong Kong to upgrade and transform with the use of I&T to achieve smart production', 'promote the development of “new industrialisation”', 'bringing in talent, technologies and enterprises', 'promote collaboration with the Mainland GBA cities', 'enlarge the I&T talent pool', 'nurturing, retaining and attracting talent', 'created a better I&T learning or studying environment', 'implemented various measures to attract Mainland and overseas talent', 'develop into an international talent hub', 'promote digital economy and smart city development']",7
other,digital economy and smart city development,,[],"['the Government has rolled out various measures', 'the Smart City Blueprint for Hong Kong', 'the Smart City Blueprint for Hong Kong 2.0']",8
